-- phpMyAdmin SQL Dump
-- version 4.8.5
-- https://www.phpmyadmin.net/
--
-- Host: 127.0.0.1
-- Generation Time: Jan 23, 2024 at 03:23 PM
-- Server version: 10.4.27-MariaDB
-- PHP Version: 5.6.40

SET SQL_MODE = "NO_AUTO_VALUE_ON_ZERO";
SET AUTOCOMMIT = 0;
START TRANSACTION;
SET time_zone = "+00:00";


/*!40101 SET @OLD_CHARACTER_SET_CLIENT=@@CHARACTER_SET_CLIENT */;
/*!40101 SET @OLD_CHARACTER_SET_RESULTS=@@CHARACTER_SET_RESULTS */;
/*!40101 SET @OLD_COLLATION_CONNECTION=@@COLLATION_CONNECTION */;
/*!40101 SET NAMES utf8mb4 */;

--
-- Database: `pekerjaan_pendapatan`
--

-- --------------------------------------------------------

--
-- Table structure for table `kode_pekerjaan`
--

CREATE TABLE `kode_pekerjaan` (
  `id_nama_pekerjaan` char(3) NOT NULL,
  `nama_pekerjaan` varchar(20) NOT NULL
) ENGINE=InnoDB DEFAULT CHARSET=utf8mb4 COLLATE=utf8mb4_general_ci;

--
-- Dumping data for table `kode_pekerjaan`
--

INSERT INTO `kode_pekerjaan` (`id_nama_pekerjaan`, `nama_pekerjaan`) VALUES
('010', 'Karyawan Swasta'),
('020', 'pegawai negri'),
('030', 'Wirausaha');

-- --------------------------------------------------------

--
-- Table structure for table `nama_kota`
--

CREATE TABLE `nama_kota` (
  `id_kota` int(11) NOT NULL,
  `nama_kota` varchar(20) NOT NULL
) ENGINE=InnoDB DEFAULT CHARSET=utf8mb4 COLLATE=utf8mb4_general_ci;

--
-- Dumping data for table `nama_kota`
--

INSERT INTO `nama_kota` (`id_kota`, `nama_kota`) VALUES
(2, 'surabaya'),
(3, 'sidoarjo'),
(4, 'Tulungagung'),
(5, 'Malang'),
(9, 'Kediri'),
(10, 'Blitar'),
(11, 'Banyuwangi');

-- --------------------------------------------------------

--
-- Table structure for table `total_banyak`
--

CREATE TABLE `total_banyak` (
  `id` int(11) NOT NULL,
  `id_kota` varchar(200) NOT NULL,
  `id_pekerjaan` char(3) NOT NULL,
  `umr` decimal(30,0) NOT NULL,
  `total_banyak` int(30) NOT NULL
) ENGINE=InnoDB DEFAULT CHARSET=utf8mb4 COLLATE=utf8mb4_general_ci;

--
-- Dumping data for table `total_banyak`
--

INSERT INTO `total_banyak` (`id`, `id_kota`, `id_pekerjaan`, `umr`, `total_banyak`) VALUES
(2030, '9', '020', '5413484', 166),
(2031, '3', '030', '1295363', 135),
(2032, '11', '030', '3823193', 130),
(2033, '2', '030', '2240104', 197),
(2034, '9', '020', '2599724', 154),
(2035, '5', '020', '5485288', 172),
(2036, '5', '010', '3134317', 154),
(2037, '11', '020', '9642686', 177),
(2038, '3', '010', '4337549', 121),
(2039, '4', '030', '7157337', 131),
(2040, '5', '010', '4063260', 118),
(2041, '4', '010', '5392962', 187),
(2042, '11', '030', '5422508', 148),
(2043, '10', '010', '6730944', 184),
(2044, '10', '020', '9144118', 137),
(2045, '2', '020', '6233459', 198),
(2046, '11', '020', '8882423', 102),
(2047, '10', '020', '5402656', 119),
(2048, '10', '020', '9938395', 145),
(2049, '3', '010', '4697901', 175),
(2050, '2', '020', '1421323', 155),
(2051, '10', '020', '7775430', 197),
(2052, '4', '030', '6847328', 177),
(2053, '3', '010', '4039666', 148),
(2054, '11', '020', '7614698', 117),
(2055, '2', '030', '8456547', 141),
(2056, '10', '010', '6160340', 144),
(2057, '11', '030', '6875329', 144),
(2058, '9', '030', '6694077', 131),
(2059, '9', '010', '9492381', 144),
(2060, '3', '020', '9086869', 116),
(2061, '9', '020', '1875896', 127),
(2062, '2', '030', '6210566', 153),
(2063, '2', '010', '9183887', 194),
(2064, '4', '030', '6138167', 166),
(2065, '9', '020', '9824649', 192),
(2066, '11', '010', '2430617', 187),
(2067, '9', '030', '9271661', 172),
(2068, '3', '010', '1971759', 159),
(2069, '10', '030', '2415824', 178),
(2070, '9', '020', '4316151', 134),
(2071, '2', '010', '7245414', 149),
(2072, '9', '020', '1065038', 114),
(2073, '4', '020', '8079897', 145),
(2074, '3', '030', '4824355', 160),
(2075, '5', '030', '8743081', 125),
(2076, '9', '010', '5374642', 131),
(2077, '10', '030', '4087037', 154),
(2078, '10', '030', '4604740', 165),
(2079, '4', '030', '2903262', 165),
(2080, '4', '020', '6605452', 154),
(2081, '2', '020', '8727374', 200),
(2082, '5', '010', '7466101', 109),
(2083, '10', '030', '9285351', 163),
(2084, '5', '010', '7695879', 151),
(2085, '5', '030', '2069219', 179),
(2086, '4', '020', '8781345', 163),
(2087, '5', '030', '3394607', 124),
(2088, '10', '030', '6045930', 165),
(2089, '5', '030', '4489941', 104),
(2090, '10', '030', '2415411', 153),
(2091, '10', '010', '7011963', 161),
(2092, '4', '030', '2558990', 165),
(2093, '3', '030', '4441128', 145),
(2094, '11', '020', '8940601', 169),
(2095, '5', '030', '8384378', 190),
(2096, '10', '010', '4031593', 132),
(2097, '5', '020', '6388989', 136),
(2098, '9', '010', '5529084', 153),
(2099, '11', '030', '8957875', 182),
(2100, '9', '010', '5393393', 150),
(2101, '4', '010', '3963234', 152),
(2102, '10', '020', '4789384', 158),
(2103, '11', '020', '7539994', 101),
(2104, '5', '020', '4140991', 188),
(2105, '5', '020', '2985565', 121),
(2106, '9', '030', '6027846', 157),
(2107, '3', '010', '5858184', 165),
(2108, '5', '020', '7001771', 108),
(2109, '11', '020', '5388569', 175),
(2110, '2', '030', '7751252', 142),
(2111, '5', '030', '9054671', 147),
(2112, '10', '010', '9954210', 193),
(2113, '11', '030', '2195849', 133),
(2114, '4', '030', '9755683', 137),
(2115, '10', '010', '4297081', 171),
(2116, '9', '030', '4832555', 114),
(2117, '4', '030', '6151916', 192),
(2118, '3', '020', '1305347', 158),
(2119, '3', '020', '9021374', 124),
(2120, '4', '020', '4742128', 121),
(2121, '2', '030', '8201516', 159),
(2122, '9', '010', '2023111', 168),
(2123, '2', '020', '7911315', 143),
(2124, '2', '010', '5129907', 145),
(2125, '3', '030', '3978001', 116),
(2126, '5', '030', '2734754', 100),
(2127, '5', '010', '7132261', 140),
(2128, '4', '030', '2932149', 130),
(2129, '4', '010', '4726158', 103),
(2130, '2', '010', '6882803', 197),
(2131, '3', '030', '9838416', 149),
(2132, '5', '010', '6974867', 184),
(2133, '9', '020', '2411019', 200),
(2134, '2', '010', '2827070', 130),
(2135, '2', '010', '8883836', 141),
(2136, '9', '030', '8341271', 123),
(2137, '11', '030', '5821643', 135),
(2138, '10', '020', '9052515', 107),
(2139, '11', '010', '2346728', 107),
(2140, '10', '020', '2254857', 147),
(2141, '3', '020', '2349615', 105),
(2142, '10', '010', '3909482', 133),
(2143, '11', '020', '1596868', 138),
(2144, '4', '010', '7194168', 118),
(2145, '2', '010', '7261950', 179),
(2146, '3', '010', '3022380', 164),
(2147, '3', '020', '2031109', 164),
(2148, '2', '020', '5435669', 113),
(2149, '2', '020', '8298116', 184),
(2150, '11', '030', '6274187', 196),
(2151, '9', '010', '8017340', 187),
(2152, '4', '030', '6255421', 181),
(2153, '11', '030', '4114931', 154),
(2154, '4', '030', '2366217', 109),
(2155, '3', '020', '8066605', 144),
(2156, '5', '020', '9422999', 160),
(2157, '9', '020', '4229698', 127),
(2158, '11', '010', '4546755', 132),
(2159, '9', '020', '7964049', 128),
(2160, '2', '010', '5649236', 181),
(2161, '11', '020', '2207604', 146),
(2162, '2', '020', '8750228', 101),
(2163, '9', '030', '5567169', 157),
(2164, '9', '030', '7079590', 197),
(2165, '3', '020', '9418533', 127),
(2166, '9', '030', '2531557', 129),
(2167, '10', '010', '4996133', 135),
(2168, '3', '010', '9168458', 134),
(2169, '5', '010', '4623881', 167),
(2170, '3', '020', '1148570', 198),
(2171, '11', '030', '7545932', 176),
(2172, '2', '010', '9609575', 170),
(2173, '11', '010', '5743059', 149),
(2174, '2', '020', '7593067', 174),
(2175, '3', '030', '1955965', 122),
(2176, '5', '020', '4045333', 176),
(2177, '10', '010', '7245442', 159),
(2178, '10', '010', '2624412', 163),
(2179, '3', '010', '9667731', 104),
(2180, '4', '020', '5443994', 189),
(2181, '2', '020', '8457484', 110),
(2182, '2', '010', '5663566', 164),
(2183, '2', '030', '8486495', 134),
(2184, '2', '010', '7927550', 159),
(2185, '11', '020', '1264386', 127),
(2186, '4', '020', '9750383', 121),
(2187, '11', '030', '9628773', 177),
(2188, '2', '020', '2251639', 103),
(2189, '9', '020', '6569054', 176),
(2190, '11', '010', '8758342', 146),
(2191, '5', '030', '3681385', 172),
(2192, '2', '020', '2147200', 146),
(2193, '11', '010', '4911274', 123),
(2194, '10', '030', '3058692', 146),
(2195, '4', '020', '1265745', 184),
(2196, '2', '030', '8978818', 109),
(2197, '4', '030', '3168271', 105),
(2198, '11', '020', '1298128', 130),
(2199, '3', '030', '7275346', 109),
(2200, '5', '020', '3871607', 146),
(2201, '10', '010', '9962299', 172),
(2202, '4', '020', '1285980', 158),
(2203, '10', '010', '6615053', 112),
(2204, '4', '010', '7306149', 122),
(2205, '9', '030', '9256229', 175),
(2206, '10', '020', '7038271', 194),
(2207, '9', '030', '4556703', 187),
(2208, '5', '030', '5234019', 104),
(2209, '5', '010', '6187588', 138),
(2210, '3', '020', '5995993', 104),
(2211, '9', '010', '6232097', 106),
(2212, '2', '010', '5844482', 118),
(2213, '10', '030', '7482304', 124),
(2214, '5', '010', '9772934', 150),
(2215, '5', '020', '6614959', 197),
(2216, '9', '020', '5909835', 172),
(2217, '5', '030', '5359117', 187),
(2218, '3', '030', '3947171', 114),
(2219, '5', '010', '5667727', 152),
(2220, '10', '010', '3832261', 131),
(2221, '4', '020', '7165513', 189),
(2222, '4', '030', '8720817', 166),
(2223, '9', '010', '8841707', 197),
(2224, '10', '030', '4688217', 197),
(2225, '2', '020', '3963044', 173),
(2226, '4', '030', '9464823', 194),
(2227, '5', '030', '1889576', 111),
(2228, '9', '030', '5778299', 198),
(2229, '3', '020', '5283916', 116),
(2230, '9', '030', '8251712', 111),
(2231, '10', '030', '8296701', 179),
(2232, '4', '030', '7674894', 153),
(2233, '3', '010', '2337032', 175),
(2234, '4', '020', '4900779', 126),
(2235, '11', '030', '5055109', 116),
(2236, '5', '020', '4202636', 146),
(2237, '2', '010', '1479733', 144),
(2238, '10', '030', '8408771', 198),
(2239, '11', '020', '9255610', 124),
(2240, '3', '020', '8295927', 115),
(2241, '11', '010', '1697492', 114),
(2242, '9', '030', '6128964', 125),
(2243, '10', '010', '9490590', 175),
(2244, '4', '030', '7739719', 179),
(2245, '9', '020', '2130658', 100),
(2246, '4', '010', '1471823', 113),
(2247, '9', '030', '7905786', 200),
(2248, '10', '030', '9082667', 104),
(2249, '2', '020', '2892561', 133),
(2250, '11', '030', '2524378', 126),
(2251, '5', '010', '9993772', 160),
(2252, '10', '010', '5275987', 195),
(2253, '3', '020', '6258342', 165),
(2254, '3', '020', '4263858', 117),
(2255, '10', '020', '3951543', 176),
(2256, '10', '030', '5657577', 164),
(2257, '3', '020', '2113665', 138),
(2258, '2', '010', '7601943', 176),
(2259, '5', '030', '5306346', 190),
(2260, '5', '030', '9787129', 107),
(2261, '2', '020', '6584491', 120),
(2262, '3', '010', '4852394', 113),
(2263, '9', '010', '3615614', 107),
(2264, '10', '010', '4100122', 103),
(2265, '10', '010', '8697087', 137),
(2266, '5', '020', '2981044', 122),
(2267, '4', '030', '1926904', 191),
(2268, '11', '010', '4563223', 168),
(2269, '3', '030', '6214041', 176),
(2270, '9', '010', '9038402', 176),
(2271, '5', '020', '2745133', 173),
(2272, '5', '010', '9854571', 156),
(2273, '4', '010', '6517276', 164),
(2274, '3', '030', '5057118', 197),
(2275, '5', '030', '4607251', 159),
(2276, '3', '010', '9332864', 190),
(2277, '5', '030', '2176342', 127),
(2278, '10', '030', '8188502', 149),
(2279, '9', '020', '4993339', 112),
(2280, '10', '010', '8954070', 159),
(2281, '3', '010', '5798364', 104),
(2282, '5', '010', '1825394', 180),
(2283, '3', '030', '5002297', 178),
(2284, '10', '030', '1108408', 180),
(2285, '9', '030', '8481492', 198),
(2286, '11', '010', '4090144', 130),
(2287, '9', '020', '2520030', 166),
(2288, '4', '020', '6159662', 132),
(2289, '5', '030', '1103284', 170),
(2290, '2', '010', '5503896', 197),
(2291, '9', '020', '1812005', 154),
(2292, '9', '020', '6819908', 110),
(2293, '3', '020', '6589448', 125),
(2294, '2', '010', '9445796', 100),
(2295, '5', '020', '2896282', 170),
(2296, '2', '020', '9485569', 167),
(2297, '2', '030', '8487495', 105),
(2298, '10', '020', '5559144', 176),
(2299, '11', '020', '4715558', 178),
(2300, '5', '030', '9660783', 173),
(2301, '5', '030', '2200582', 188),
(2302, '4', '010', '7470482', 109),
(2303, '4', '030', '5164389', 121),
(2304, '5', '030', '7549107', 106),
(2305, '5', '010', '2464959', 112),
(2306, '3', '010', '2906416', 190),
(2307, '5', '030', '6100510', 147),
(2308, '9', '020', '7503512', 159),
(2309, '10', '020', '7130596', 166),
(2310, '4', '010', '2764231', 132),
(2311, '2', '020', '4441269', 156),
(2312, '9', '020', '8303801', 127),
(2313, '4', '030', '1710947', 127),
(2314, '9', '020', '1352398', 173),
(2315, '9', '030', '6709770', 107),
(2316, '2', '020', '6899382', 141),
(2317, '3', '030', '5417908', 158),
(2318, '2', '010', '9868415', 154),
(2319, '3', '010', '6541657', 179),
(2320, '5', '030', '5314446', 118),
(2321, '3', '020', '5640231', 101),
(2322, '9', '020', '7317184', 172),
(2323, '3', '030', '8611033', 145),
(2324, '10', '030', '4246964', 185),
(2325, '2', '010', '2145624', 156),
(2326, '4', '010', '5058548', 117),
(2327, '9', '020', '7945162', 108),
(2328, '11', '020', '7398710', 102),
(2329, '10', '010', '8984227', 128),
(2330, '9', '020', '7933895', 124),
(2331, '10', '010', '1647039', 109),
(2332, '11', '030', '8481052', 153),
(2333, '5', '020', '4108147', 174),
(2334, '11', '020', '2215891', 176),
(2335, '4', '030', '9545359', 170),
(2336, '9', '010', '1499030', 116),
(2337, '5', '020', '6696095', 173),
(2338, '4', '030', '1870207', 114),
(2339, '11', '030', '7305633', 181),
(2340, '9', '030', '8782193', 110),
(2341, '10', '030', '3725429', 189),
(2342, '10', '010', '1490273', 153),
(2343, '9', '030', '1918430', 123),
(2344, '9', '030', '6812651', 175),
(2345, '11', '020', '3652659', 175),
(2346, '11', '030', '8633711', 169),
(2347, '2', '030', '9727309', 128),
(2348, '9', '030', '7780015', 105),
(2349, '2', '020', '5477905', 187),
(2350, '4', '030', '6995199', 181),
(2351, '9', '030', '1734302', 159),
(2352, '3', '020', '3826170', 154),
(2353, '11', '010', '5356269', 126),
(2354, '4', '030', '4259262', 107),
(2355, '2', '010', '2225050', 151),
(2356, '10', '020', '3647084', 172),
(2357, '5', '010', '3965798', 178),
(2358, '10', '020', '4078633', 142),
(2359, '10', '020', '7798681', 138),
(2360, '4', '020', '9162187', 177),
(2361, '10', '010', '8166796', 117),
(2362, '4', '030', '1112711', 194),
(2363, '5', '010', '7844421', 142),
(2364, '2', '010', '3923415', 116),
(2365, '5', '010', '6475169', 132),
(2366, '5', '030', '7211729', 113),
(2367, '9', '030', '1157038', 135),
(2368, '9', '010', '4905637', 165),
(2369, '5', '030', '1272542', 123),
(2370, '9', '030', '8097737', 173),
(2371, '10', '020', '1031354', 184),
(2372, '2', '030', '9584643', 108),
(2373, '4', '030', '8474273', 157),
(2374, '11', '020', '6218987', 146),
(2375, '4', '010', '9018375', 103),
(2376, '9', '020', '9767688', 140),
(2377, '10', '010', '5637675', 158),
(2378, '11', '030', '1711380', 116),
(2379, '11', '020', '7937449', 198),
(2380, '4', '020', '9510612', 186),
(2381, '2', '020', '7838707', 170),
(2382, '3', '020', '3852130', 115),
(2383, '11', '010', '3485460', 133),
(2384, '5', '030', '5076262', 151),
(2385, '5', '020', '9263649', 162),
(2386, '2', '030', '8510313', 197),
(2387, '3', '030', '8285245', 100),
(2388, '9', '030', '9312628', 188),
(2389, '5', '030', '4934733', 156),
(2390, '2', '020', '3124877', 126),
(2391, '11', '010', '1665413', 123),
(2392, '10', '030', '1527888', 155),
(2393, '5', '010', '2606932', 135),
(2394, '11', '030', '6272534', 186),
(2395, '4', '010', '1248519', 171),
(2396, '9', '010', '6202374', 116),
(2397, '2', '010', '8728774', 104),
(2398, '5', '030', '5487370', 115),
(2399, '3', '020', '1376157', 147),
(2400, '2', '010', '9681696', 111),
(2401, '10', '010', '5293591', 192),
(2402, '4', '030', '7119094', 129),
(2403, '9', '010', '5933149', 105),
(2404, '2', '020', '1516090', 168),
(2405, '10', '030', '8334222', 114),
(2406, '5', '020', '6612335', 183),
(2407, '3', '010', '6987499', 160),
(2408, '3', '010', '8634932', 107),
(2409, '5', '030', '9497357', 127),
(2410, '10', '020', '3168022', 113),
(2411, '4', '020', '6148044', 127),
(2412, '3', '010', '3678443', 168),
(2413, '10', '030', '1505411', 136),
(2414, '2', '020', '8204742', 134),
(2415, '5', '030', '8228027', 119),
(2416, '2', '020', '5834785', 197),
(2417, '2', '030', '9647565', 182),
(2418, '10', '020', '3840108', 183),
(2419, '5', '010', '2573635', 143),
(2420, '9', '030', '8154018', 189),
(2421, '2', '030', '8399200', 189),
(2422, '9', '030', '2005026', 121),
(2423, '5', '020', '6672976', 163),
(2424, '4', '010', '7662717', 199),
(2425, '9', '010', '4798535', 125),
(2426, '4', '010', '9697043', 153),
(2427, '2', '010', '1992143', 175),
(2428, '11', '030', '9358542', 194),
(2429, '11', '010', '7352800', 154),
(2430, '2', '010', '7691871', 157),
(2431, '5', '010', '5265351', 119),
(2432, '2', '020', '2224571', 160),
(2433, '4', '020', '1318990', 181),
(2434, '10', '020', '2865618', 117),
(2435, '2', '030', '8700172', 199),
(2436, '4', '010', '5054461', 193),
(2437, '9', '030', '8503275', 184),
(2438, '11', '020', '7966321', 143),
(2439, '3', '010', '5861814', 118),
(2440, '2', '020', '8584574', 173),
(2441, '3', '030', '3318714', 150),
(2442, '9', '010', '9036868', 190),
(2443, '3', '010', '7927742', 173),
(2444, '2', '010', '8315107', 171),
(2445, '5', '030', '2376101', 143),
(2446, '2', '010', '8208411', 155),
(2447, '9', '020', '5885014', 189),
(2448, '11', '030', '1639271', 126),
(2449, '5', '030', '7705711', 126),
(2450, '11', '020', '8115113', 107),
(2451, '5', '030', '3972284', 182),
(2452, '5', '030', '9964518', 144),
(2453, '10', '020', '3943685', 143),
(2454, '9', '020', '5448587', 177),
(2455, '11', '020', '2913049', 198),
(2456, '3', '030', '1872485', 149),
(2457, '11', '020', '6091162', 148),
(2458, '4', '020', '9616535', 121),
(2459, '5', '020', '6973260', 177),
(2460, '10', '030', '3895121', 124),
(2461, '4', '010', '2933845', 141),
(2462, '2', '010', '1925096', 123),
(2463, '9', '030', '7861204', 113),
(2464, '2', '010', '5635900', 167),
(2465, '10', '030', '4047507', 111),
(2466, '10', '020', '5706743', 140),
(2467, '3', '030', '4845155', 148),
(2468, '4', '030', '6845065', 160),
(2469, '4', '010', '1745741', 153),
(2470, '11', '030', '4487238', 129),
(2471, '10', '030', '6711164', 128),
(2472, '9', '020', '6787227', 103),
(2473, '11', '020', '2459436', 200),
(2474, '9', '030', '5237397', 101),
(2475, '4', '020', '5447865', 167),
(2476, '10', '030', '9695514', 182),
(2477, '11', '010', '1741174', 174),
(2478, '4', '020', '6035069', 171),
(2479, '9', '030', '4088711', 191),
(2480, '10', '010', '2882655', 187),
(2481, '5', '010', '1533670', 171),
(2482, '9', '030', '5228816', 142),
(2483, '11', '030', '8865468', 103),
(2484, '5', '020', '5261748', 110),
(2485, '10', '030', '2805338', 148),
(2486, '10', '010', '5400358', 126),
(2487, '5', '030', '4870565', 154),
(2488, '4', '030', '6272933', 195),
(2489, '4', '010', '1997662', 200),
(2490, '3', '030', '5313008', 187),
(2491, '5', '030', '9550552', 200),
(2492, '2', '010', '7734648', 190),
(2493, '11', '030', '4390350', 186),
(2494, '3', '030', '9007803', 152),
(2495, '2', '010', '1519689', 158),
(2496, '10', '020', '8493026', 156),
(2497, '3', '030', '6750881', 151),
(2498, '11', '030', '4049406', 124),
(2499, '3', '020', '4409749', 196),
(2500, '11', '020', '1664355', 101),
(2501, '11', '030', '7197856', 156),
(2502, '9', '020', '1047792', 130),
(2503, '3', '030', '2323690', 188),
(2504, '10', '020', '1351373', 157),
(2505, '11', '010', '3692472', 176),
(2506, '2', '010', '7219673', 139),
(2507, '11', '020', '1531040', 149),
(2508, '5', '010', '1161697', 127),
(2509, '11', '020', '1312815', 176),
(2510, '5', '020', '4280754', 115),
(2511, '4', '030', '4592213', 175),
(2512, '11', '010', '6083605', 170),
(2513, '11', '010', '7661893', 193),
(2514, '5', '020', '8215871', 131),
(2515, '10', '030', '2630645', 123),
(2516, '10', '030', '7307461', 153),
(2517, '9', '010', '9110464', 197),
(2518, '10', '030', '6242327', 154),
(2519, '3', '010', '8933829', 170),
(2520, '2', '030', '3237576', 149),
(2521, '5', '030', '5365928', 140),
(2522, '4', '030', '7449291', 147),
(2523, '2', '010', '5792403', 160),
(2524, '3', '030', '3225812', 186),
(2525, '9', '030', '7388913', 180),
(2526, '3', '030', '2502326', 117),
(2527, '2', '020', '9171778', 102),
(2528, '2', '020', '8028170', 179),
(2529, '3', '030', '6342661', 113),
(2530, '2', '010', '7509751', 184),
(2531, '2', '010', '6743032', 138),
(2532, '4', '010', '2528458', 117),
(2533, '10', '030', '7182003', 192),
(2534, '3', '030', '3816061', 142),
(2535, '2', '030', '8082200', 184),
(2536, '9', '010', '7831911', 193),
(2537, '2', '010', '8853108', 190),
(2538, '5', '010', '6604830', 142),
(2539, '10', '010', '4867029', 156),
(2540, '9', '020', '2866569', 192),
(2541, '5', '030', '4810337', 134),
(2542, '3', '010', '8332567', 183),
(2543, '2', '010', '9383160', 100),
(2544, '5', '020', '3409334', 183),
(2545, '4', '020', '1626398', 165),
(2546, '9', '030', '1207113', 122),
(2547, '10', '010', '6082039', 135),
(2548, '9', '010', '5375554', 174),
(2549, '2', '010', '5020206', 141),
(2550, '2', '030', '9229811', 133),
(2551, '10', '020', '7613999', 180),
(2552, '2', '020', '3184570', 114),
(2553, '10', '030', '2365837', 199),
(2554, '9', '010', '3437591', 112),
(2555, '10', '030', '5884480', 137),
(2556, '11', '030', '3909097', 119),
(2557, '10', '020', '9681958', 102),
(2558, '4', '020', '4394811', 141),
(2559, '11', '030', '7741450', 174),
(2560, '11', '020', '4958021', 108),
(2561, '3', '030', '6962271', 117),
(2562, '11', '020', '6917869', 152),
(2563, '3', '030', '9242782', 108),
(2564, '9', '010', '4435001', 189),
(2565, '11', '020', '9211594', 138),
(2566, '5', '010', '9366911', 134),
(2567, '11', '010', '6750951', 117),
(2568, '4', '020', '5583683', 173),
(2569, '2', '030', '2658023', 196),
(2570, '5', '020', '7130199', 156),
(2571, '5', '010', '7992909', 181),
(2572, '9', '020', '3994132', 173),
(2573, '3', '020', '5220008', 137),
(2574, '11', '030', '1793516', 143),
(2575, '4', '030', '4089257', 149),
(2576, '9', '010', '8415180', 116),
(2577, '5', '030', '6756572', 124),
(2578, '3', '020', '4144074', 170),
(2579, '5', '010', '4167022', 197),
(2580, '11', '020', '8681644', 153),
(2581, '3', '010', '3840164', 118),
(2582, '2', '010', '7834204', 166),
(2583, '4', '010', '1406459', 190),
(2584, '11', '020', '1351957', 142),
(2585, '3', '030', '6025433', 103),
(2586, '10', '020', '6393264', 107),
(2587, '5', '010', '3511487', 114),
(2588, '9', '020', '9077479', 190),
(2589, '11', '020', '9249117', 118),
(2590, '9', '030', '4149041', 162),
(2591, '11', '020', '7832121', 183),
(2592, '5', '010', '5879304', 179),
(2593, '9', '010', '8968482', 120),
(2594, '9', '020', '5011365', 132),
(2595, '5', '010', '4892748', 112),
(2596, '3', '030', '1504586', 142),
(2597, '2', '030', '5374126', 105),
(2598, '4', '010', '2154122', 146),
(2599, '9', '030', '1109245', 148),
(2600, '2', '030', '5924952', 127),
(2601, '11', '030', '4429732', 197),
(2602, '2', '020', '5392017', 107),
(2603, '4', '020', '2147745', 112),
(2604, '3', '020', '6309300', 170),
(2605, '11', '030', '3944274', 102),
(2606, '5', '010', '7624362', 136),
(2607, '11', '010', '2945881', 107),
(2608, '5', '010', '4081269', 187),
(2609, '11', '010', '7210247', 110),
(2610, '11', '030', '4037294', 116),
(2611, '10', '020', '2827644', 152),
(2612, '5', '010', '9241883', 175),
(2613, '5', '010', '4574439', 113),
(2614, '10', '010', '8366703', 107),
(2615, '2', '020', '3026858', 171),
(2616, '10', '010', '3438964', 128),
(2617, '4', '030', '4380656', 184),
(2618, '11', '020', '2215684', 169),
(2619, '3', '010', '8403959', 191),
(2620, '9', '020', '1628742', 133),
(2621, '2', '020', '9491388', 151),
(2622, '4', '020', '8620869', 179),
(2623, '3', '030', '7428577', 140),
(2624, '5', '020', '9606480', 153),
(2625, '10', '030', '6332018', 176),
(2626, '5', '020', '8335801', 158),
(2627, '2', '020', '2299672', 131),
(2628, '9', '030', '9874472', 101),
(2629, '5', '010', '7102515', 107),
(2630, '9', '010', '6222121', 179),
(2631, '5', '030', '2302417', 123),
(2632, '3', '010', '6578231', 172),
(2633, '10', '030', '1369564', 147),
(2634, '5', '020', '3817231', 132),
(2635, '10', '020', '2942584', 148),
(2636, '4', '020', '6527679', 188),
(2637, '10', '030', '5261565', 120),
(2638, '3', '020', '3588691', 185),
(2639, '2', '030', '3204118', 120),
(2640, '5', '030', '6785829', 117),
(2641, '3', '030', '9327816', 130),
(2642, '3', '030', '6242386', 179),
(2643, '3', '020', '9274675', 123),
(2644, '11', '010', '6087880', 157),
(2645, '4', '020', '6584031', 166),
(2646, '4', '030', '6001569', 164),
(2647, '4', '010', '2177192', 112),
(2648, '3', '010', '6560126', 175),
(2649, '9', '020', '3123125', 130),
(2650, '2', '030', '4495598', 187),
(2651, '3', '030', '1260247', 103),
(2652, '3', '020', '4908467', 109),
(2653, '5', '030', '6742161', 191),
(2654, '9', '030', '4812770', 147),
(2655, '11', '030', '1180738', 191),
(2656, '10', '010', '6761737', 116),
(2657, '4', '020', '9678888', 170),
(2658, '11', '030', '3455302', 196),
(2659, '10', '010', '8156193', 101),
(2660, '5', '030', '8078157', 102),
(2661, '2', '010', '9986738', 131),
(2662, '4', '030', '4830762', 198),
(2663, '9', '010', '3824697', 144),
(2664, '10', '030', '6874371', 154),
(2665, '3', '030', '7911065', 131),
(2666, '3', '020', '1234581', 130),
(2667, '5', '030', '2244216', 134),
(2668, '9', '030', '1480369', 162),
(2669, '5', '020', '5982373', 178),
(2670, '4', '010', '2766653', 163),
(2671, '3', '010', '6264311', 195),
(2672, '9', '010', '4215234', 141),
(2673, '3', '010', '2585981', 178),
(2674, '5', '020', '4065698', 174),
(2675, '5', '020', '2744625', 174),
(2676, '11', '030', '4280910', 190),
(2677, '2', '020', '4454234', 181),
(2678, '9', '030', '2798831', 111),
(2679, '2', '010', '7487363', 113),
(2680, '2', '020', '9976392', 144),
(2681, '3', '030', '7085087', 183),
(2682, '11', '030', '4488431', 118),
(2683, '2', '030', '8401976', 129),
(2684, '9', '030', '9587001', 137),
(2685, '10', '030', '3995038', 148),
(2686, '9', '020', '4662366', 172),
(2687, '10', '010', '6338545', 155),
(2688, '3', '020', '2835281', 197),
(2689, '9', '020', '2182472', 151),
(2690, '10', '020', '3652078', 102),
(2691, '5', '030', '8911215', 109),
(2692, '9', '030', '5247536', 196),
(2693, '2', '030', '1399577', 177),
(2694, '2', '030', '6931284', 127),
(2695, '11', '030', '9902780', 165),
(2696, '10', '010', '5871605', 174),
(2697, '10', '030', '8028598', 118),
(2698, '11', '030', '9063920', 128),
(2699, '5', '030', '1960843', 187),
(2700, '5', '020', '7982452', 157),
(2701, '10', '030', '9640446', 111),
(2702, '3', '020', '5794953', 163),
(2703, '4', '010', '4157680', 174),
(2704, '9', '010', '9952574', 185),
(2705, '11', '030', '8571130', 198),
(2706, '5', '020', '8919022', 151),
(2707, '9', '020', '1831349', 147),
(2708, '10', '030', '1063754', 129),
(2709, '5', '030', '7564784', 167),
(2710, '4', '020', '4510034', 173),
(2711, '10', '020', '1195233', 198),
(2712, '9', '010', '3148043', 194),
(2713, '5', '010', '8212660', 122),
(2714, '4', '020', '6397226', 180),
(2715, '2', '020', '7413811', 148),
(2716, '11', '020', '5579428', 145),
(2717, '2', '030', '8296931', 138),
(2718, '9', '010', '9586461', 118),
(2719, '5', '020', '3291722', 127),
(2720, '2', '010', '9442075', 186),
(2721, '3', '020', '7433753', 139),
(2722, '3', '030', '7799054', 196),
(2723, '10', '020', '2627154', 195),
(2724, '2', '010', '5303397', 142),
(2725, '3', '020', '2531836', 193),
(2726, '9', '030', '3539336', 162),
(2727, '10', '010', '6187280', 193),
(2728, '9', '010', '1525047', 167),
(2729, '2', '030', '4654902', 182),
(2730, '3', '020', '3326732', 151),
(2731, '10', '010', '7029735', 103),
(2732, '4', '010', '1548688', 155),
(2733, '5', '020', '2183462', 180),
(2734, '4', '030', '4744529', 130),
(2735, '2', '020', '8258957', 198),
(2736, '11', '010', '7700016', 102),
(2737, '3', '020', '9184609', 176),
(2738, '2', '020', '3598596', 107),
(2739, '3', '030', '6294898', 199),
(2740, '10', '020', '6425710', 121),
(2741, '10', '010', '3708808', 118),
(2742, '10', '010', '5914593', 162),
(2743, '4', '020', '3231499', 118),
(2744, '3', '020', '6092181', 190),
(2745, '3', '010', '2960122', 118),
(2746, '9', '020', '7041444', 144),
(2747, '10', '010', '7500769', 199),
(2748, '9', '030', '4501525', 111),
(2749, '5', '020', '6062698', 161),
(2750, '2', '030', '8805007', 115),
(2751, '11', '010', '4508019', 143),
(2752, '11', '030', '3489571', 131),
(2753, '5', '030', '4724071', 142),
(2754, '10', '010', '1372274', 126),
(2755, '10', '030', '1865008', 178),
(2756, '5', '010', '2885321', 121),
(2757, '3', '030', '3585566', 106),
(2758, '4', '030', '1233439', 103),
(2759, '10', '010', '1362029', 189),
(2760, '2', '020', '2202378', 166),
(2761, '9', '010', '2486102', 167),
(2762, '4', '020', '6337764', 148),
(2763, '2', '010', '8464396', 142),
(2764, '4', '030', '1117785', 135),
(2765, '9', '010', '8209790', 194),
(2766, '4', '010', '9957679', 127),
(2767, '10', '020', '6228437', 132),
(2768, '10', '020', '4398267', 121),
(2769, '2', '010', '8458650', 166),
(2770, '11', '030', '6216513', 111),
(2771, '10', '030', '2960968', 184),
(2772, '4', '010', '9929222', 144),
(2773, '10', '010', '2453527', 167),
(2774, '9', '030', '8410847', 127),
(2775, '5', '010', '7079015', 186),
(2776, '4', '010', '1283171', 148),
(2777, '11', '010', '5413494', 111),
(2778, '4', '010', '7812668', 200),
(2779, '4', '010', '9735327', 157),
(2780, '2', '020', '6029356', 132),
(2781, '10', '020', '7019978', 189),
(2782, '3', '020', '5500112', 131),
(2783, '5', '010', '3467075', 200),
(2784, '9', '030', '2226857', 194),
(2785, '10', '030', '1028704', 111),
(2786, '5', '020', '6293346', 187),
(2787, '4', '020', '7404397', 108),
(2788, '2', '020', '4431091', 168),
(2789, '4', '030', '5679918', 170),
(2790, '4', '020', '3800063', 193),
(2791, '11', '030', '7143099', 105),
(2792, '2', '010', '6150455', 154),
(2793, '3', '010', '3430654', 111),
(2794, '9', '010', '5657894', 115),
(2795, '2', '020', '2210234', 140),
(2796, '9', '030', '6939473', 176),
(2797, '9', '010', '8895799', 153),
(2798, '11', '020', '1499145', 176),
(2799, '2', '030', '2975461', 114),
(2800, '3', '010', '1464691', 129),
(2801, '2', '020', '9819671', 195),
(2802, '10', '020', '9859391', 138),
(2803, '11', '020', '5411255', 173),
(2804, '5', '010', '3881744', 177),
(2805, '3', '020', '8105716', 189),
(2806, '5', '030', '4606620', 155),
(2807, '5', '030', '5649795', 103),
(2808, '3', '030', '8149383', 106),
(2809, '2', '030', '1108829', 193),
(2810, '5', '010', '2777641', 196),
(2811, '10', '030', '4034236', 176),
(2812, '3', '010', '5556504', 171),
(2813, '11', '010', '6710533', 123),
(2814, '2', '020', '9820805', 199),
(2815, '11', '030', '8562317', 140),
(2816, '2', '010', '8796492', 144),
(2817, '2', '010', '6179079', 130),
(2818, '10', '020', '6531817', 100),
(2819, '9', '010', '6288025', 124),
(2820, '11', '030', '5691573', 176),
(2821, '10', '030', '1177634', 139),
(2822, '3', '020', '1288534', 173),
(2823, '2', '010', '4654488', 176),
(2824, '5', '020', '9672989', 116),
(2825, '3', '030', '2393285', 142),
(2826, '5', '030', '3648404', 168),
(2827, '10', '020', '4692682', 116),
(2828, '9', '030', '7127698', 194),
(2829, '3', '010', '1338352', 196),
(2830, '11', '010', '9146381', 179),
(2831, '11', '030', '1226382', 116),
(2832, '11', '010', '8842575', 110),
(2833, '11', '030', '3668556', 134),
(2834, '2', '020', '2153493', 123),
(2835, '3', '010', '3527669', 180),
(2836, '10', '010', '5893485', 196),
(2837, '5', '030', '8453360', 198),
(2838, '3', '010', '6746377', 184),
(2839, '11', '010', '8261340', 150),
(2840, '3', '020', '4581873', 176),
(2841, '2', '020', '8649645', 103),
(2842, '9', '010', '1607738', 158),
(2843, '11', '010', '4420756', 101),
(2844, '11', '030', '9779422', 169),
(2845, '9', '020', '8903848', 188),
(2846, '9', '010', '9766779', 187),
(2847, '9', '010', '5129245', 156),
(2848, '4', '010', '9105859', 194),
(2849, '2', '030', '7265326', 144),
(2850, '3', '020', '1029345', 134),
(2851, '10', '010', '4632149', 135),
(2852, '5', '020', '8429924', 100),
(2853, '10', '020', '5668361', 129),
(2854, '5', '020', '1264186', 149),
(2855, '4', '030', '5810726', 118),
(2856, '3', '010', '2811242', 187),
(2857, '10', '030', '6596788', 145),
(2858, '3', '020', '5710188', 183),
(2859, '3', '020', '4908453', 134),
(2860, '4', '020', '9664580', 167),
(2861, '4', '020', '2243525', 186),
(2862, '2', '010', '7008207', 124),
(2863, '3', '010', '3961508', 194),
(2864, '5', '020', '5719383', 149),
(2865, '10', '010', '3757729', 183),
(2866, '2', '020', '5795529', 149),
(2867, '9', '030', '9825041', 175),
(2868, '10', '020', '9323023', 142),
(2869, '2', '010', '6844848', 190),
(2870, '2', '030', '8197003', 193),
(2871, '9', '020', '7595025', 135),
(2872, '10', '020', '4649329', 178),
(2873, '2', '030', '1998974', 200),
(2874, '9', '010', '9341559', 156),
(2875, '4', '030', '3662616', 169),
(2876, '11', '010', '8279171', 144),
(2877, '9', '030', '1150992', 165),
(2878, '9', '010', '8423800', 141),
(2879, '4', '030', '6268211', 181),
(2880, '11', '010', '6614807', 163),
(2881, '5', '010', '4803050', 154),
(2882, '4', '020', '7631663', 189),
(2883, '3', '030', '9572927', 191),
(2884, '4', '030', '1152134', 165),
(2885, '4', '010', '5886815', 195),
(2886, '11', '010', '2525137', 198),
(2887, '11', '030', '7810990', 129),
(2888, '3', '010', '3207986', 156),
(2889, '3', '010', '6394532', 142),
(2890, '5', '010', '2240070', 126),
(2891, '11', '020', '7314134', 165),
(2892, '4', '010', '5882000', 143),
(2893, '2', '010', '4726983', 153),
(2894, '3', '020', '6532447', 108),
(2895, '11', '010', '8512383', 113),
(2896, '10', '030', '5976530', 103),
(2897, '4', '010', '8968438', 190),
(2898, '5', '020', '8777551', 160),
(2899, '9', '010', '3811522', 139),
(2900, '10', '030', '9124902', 184),
(2901, '11', '010', '1176862', 126),
(2902, '2', '020', '4084576', 185),
(2903, '5', '020', '4125663', 102),
(2904, '11', '030', '7526336', 146),
(2905, '9', '020', '2444990', 146),
(2906, '10', '010', '3944952', 105),
(2907, '5', '010', '9217143', 138),
(2908, '10', '020', '1617872', 167),
(2909, '10', '010', '1850576', 122),
(2910, '9', '010', '1958552', 104),
(2911, '9', '020', '8824949', 132),
(2912, '4', '020', '3849702', 145),
(2913, '5', '020', '2450086', 188),
(2914, '4', '030', '8233963', 145),
(2915, '5', '010', '6824245', 100),
(2916, '11', '020', '3009235', 117),
(2917, '11', '030', '4867453', 161),
(2918, '2', '010', '8573621', 126),
(2919, '11', '020', '5090534', 152),
(2920, '11', '010', '9629958', 127),
(2921, '5', '030', '7515151', 110),
(2922, '2', '010', '7318943', 180),
(2923, '9', '020', '5159800', 199),
(2924, '11', '030', '1253423', 196),
(2925, '4', '010', '6933157', 134),
(2926, '5', '030', '5351068', 176),
(2927, '4', '020', '5871332', 112),
(2928, '10', '020', '7787329', 188),
(2929, '5', '020', '1172506', 154),
(2930, '10', '020', '9024863', 112),
(2931, '5', '010', '3880386', 104),
(2932, '3', '010', '6874373', 170),
(2933, '2', '020', '2984431', 149),
(2934, '9', '030', '2878382', 170),
(2935, '9', '020', '4534792', 115),
(2936, '5', '020', '3546582', 146),
(2937, '5', '020', '9475137', 160),
(2938, '11', '010', '1770515', 116),
(2939, '5', '010', '5298919', 175),
(2940, '3', '030', '1531118', 112),
(2941, '5', '030', '6258718', 148),
(2942, '5', '030', '5458996', 125),
(2943, '3', '030', '7350229', 143),
(2944, '11', '010', '3934148', 121),
(2945, '9', '020', '9049069', 134),
(2946, '11', '030', '2620109', 172),
(2947, '11', '020', '3083540', 133),
(2948, '3', '020', '8167308', 122),
(2949, '5', '010', '4844348', 106),
(2950, '5', '010', '1274969', 168),
(2951, '3', '030', '8624517', 175),
(2952, '2', '010', '2190766', 167),
(2953, '4', '020', '8293220', 153),
(2954, '5', '030', '9906315', 176),
(2955, '5', '020', '9752139', 191),
(2956, '5', '010', '8304503', 104),
(2957, '10', '010', '7747669', 142),
(2958, '9', '010', '7962485', 170),
(2959, '11', '030', '6253561', 135),
(2960, '4', '010', '6814776', 153),
(2961, '5', '010', '2342805', 121),
(2962, '10', '020', '8947765', 117),
(2963, '5', '030', '6471382', 138),
(2964, '5', '030', '5289358', 143),
(2965, '5', '030', '2888723', 171),
(2966, '10', '010', '4743602', 119),
(2967, '3', '030', '4910422', 174),
(2968, '4', '020', '6882616', 110),
(2969, '10', '030', '1804403', 134),
(2970, '3', '020', '8868763', 196),
(2971, '3', '020', '9665181', 130),
(2972, '3', '020', '5374111', 197),
(2973, '4', '020', '8833553', 192),
(2974, '10', '030', '7893331', 155),
(2975, '3', '030', '8890793', 198),
(2976, '3', '020', '4266304', 143),
(2977, '2', '010', '8513931', 101),
(2978, '4', '030', '2181476', 163),
(2979, '3', '010', '2332008', 161),
(2980, '3', '010', '9083461', 117),
(2981, '2', '030', '2249995', 147),
(2982, '3', '010', '2341577', 179),
(2983, '11', '030', '1158983', 112),
(2984, '11', '010', '7173663', 138),
(2985, '10', '020', '7726292', 130),
(2986, '9', '030', '6065138', 191),
(2987, '2', '020', '6137882', 107),
(2988, '3', '020', '9779041', 183),
(2989, '9', '020', '9560243', 153),
(2990, '4', '010', '7443199', 121),
(2991, '9', '030', '5983895', 179),
(2992, '4', '030', '2889100', 149),
(2993, '3', '020', '9422672', 163),
(2994, '2', '010', '4822983', 137),
(2995, '5', '020', '6025296', 174),
(2996, '11', '030', '8152525', 122),
(2997, '3', '010', '9029060', 110),
(2998, '4', '010', '2048796', 194),
(2999, '5', '010', '5495361', 177),
(3000, '10', '030', '1939018', 161),
(3001, '2', '010', '7144234', 184),
(3002, '5', '030', '7595142', 115),
(3003, '5', '010', '9003653', 148),
(3004, '9', '010', '8165374', 110),
(3005, '5', '020', '1805280', 190),
(3006, '4', '030', '3568863', 168),
(3007, '4', '030', '7607744', 120),
(3008, '11', '020', '3895476', 190),
(3009, '5', '010', '3971966', 120),
(3010, '4', '020', '4008637', 131),
(3011, '9', '010', '4649157', 100),
(3012, '2', '030', '9066509', 187),
(3013, '9', '020', '8883918', 155),
(3014, '11', '020', '9502250', 112),
(3015, '3', '030', '6592275', 174),
(3016, '4', '020', '7164390', 193),
(3017, '3', '010', '4367562', 166),
(3018, '11', '030', '2908712', 145),
(3019, '10', '030', '4525964', 119),
(3020, '3', '010', '9359302', 171),
(3021, '3', '020', '7727242', 123),
(3022, '4', '030', '4946321', 163),
(3023, '5', '010', '9628680', 178),
(3024, '5', '030', '4373090', 184),
(3025, '2', '020', '5282762', 110),
(3026, '3', '030', '3004479', 168),
(3027, '9', '030', '3301688', 138),
(3028, '3', '010', '5206966', 156),
(3029, '4', '020', '8097285', 186);

--
-- Indexes for dumped tables
--

--
-- Indexes for table `kode_pekerjaan`
--
ALTER TABLE `kode_pekerjaan`
  ADD PRIMARY KEY (`id_nama_pekerjaan`);

--
-- Indexes for table `nama_kota`
--
ALTER TABLE `nama_kota`
  ADD PRIMARY KEY (`id_kota`);

--
-- Indexes for table `total_banyak`
--
ALTER TABLE `total_banyak`
  ADD PRIMARY KEY (`id`);

--
-- AUTO_INCREMENT for dumped tables
--

--
-- AUTO_INCREMENT for table `nama_kota`
--
ALTER TABLE `nama_kota`
  MODIFY `id_kota` int(11) NOT NULL AUTO_INCREMENT, AUTO_INCREMENT=12;

--
-- AUTO_INCREMENT for table `total_banyak`
--
ALTER TABLE `total_banyak`
  MODIFY `id` int(11) NOT NULL AUTO_INCREMENT, AUTO_INCREMENT=3030;
COMMIT;

/*!40101 SET CHARACTER_SET_CLIENT=@OLD_CHARACTER_SET_CLIENT */;
/*!40101 SET CHARACTER_SET_RESULTS=@OLD_CHARACTER_SET_RESULTS */;
/*!40101 SET COLLATION_CONNECTION=@OLD_COLLATION_CONNECTION */;
